SWMS-26618	73a30394	https://primeeco.tech/share/73a30394-8dc5-423e-be76-963d9c6db154
SWMS-26632	a9a9b9d5	https://primeeco.tech/share/a9a9b9d5-583c-47b2-b7a9-5b702224e9db
SWMS-26709	47170013	https://primeeco.tech/share/47170013-dbb2-46f5-be9c-77dfcae4dd66
SWMS-26715	b6198a3f	https://primeeco.tech/share/b6198a3f-a3b3-47bd-8588-296ca38cb8bd
SWMS-26719	16f37945	https://primeeco.tech/share/16f37945-181f-47b9-9ef6-58d88c42115f
SWMS-26728	6fc50346	https://primeeco.tech/share/6fc50346-e5d8-4fbb-8e45-7e707d90de85
SWMS-26728	91dbe2d3	https://primeeco.tech/share/91dbe2d3-5b79-4800-996b-12e7a4b70a96
SWMS-26728	d8573a1e	https://primeeco.tech/share/d8573a1e-ea79-4586-b061-6947146f4dc0
SWMS-26729	4c9fe382	https://www.primeeco.tech/share/4c9fe382-5eea-4c15-a0c7-5b1304136ffd
SWMS-26732	39017dd9	https://primeeco.tech/share/39017dd9-0862-40e5-9067-04e4e2229053
SWMS-26732	b3bfa15b	https://primeeco.tech/share/b3bfa15b-d0a6-4a9e-b5d1-f933e65e9fd7
SWMS-26732	44aa9b53	https://primeeco.tech/share/44aa9b53-3536-47e0-af19-a87429d69540
SWMS-26735	15045576	https://primeeco.tech/share/15045576-9ba0-4349-8ff2-cb5e9d3425b2
SWMS-26735	bf15708d	https://primeeco.tech/share/bf15708d-bdd9-4635-84b5-80c93494a961
SWMS-26735	5f5d4550	https://primeeco.tech/share/5f5d4550-ddc3-4508-8bab-e68f79205103
SWMS-26735	b7535bdf	https://primeeco.tech/share/b7535bdf-ccee-4aa4-bf23-dbacaf0a0e19
SWMS-26736	bed455ef	https://primeeco.tech/share/bed455ef-a7d4-4873-8904-7b0af835cc56
SWMS-26736	cb2a6955	https://primeeco.tech/share/cb2a6955-60ca-4809-8837-519b0c2d8728
SWMS-26736	fbf711ac	https://primeeco.tech/share/fbf711ac-2071-4789-b11d-633b345f16ad
SWMS-26736	bbfee074	https://primeeco.tech/share/bbfee074-1d85-4e85-b24e-afdc6f363049
SWMS-26740	b314f0da	https://primeeco.tech/share/b314f0da-6b0d-436b-8244-f7c21c7a5821
SWMS-26740	7020e47b	https://primeeco.tech/share/7020e47b-56cd-44f3-aa3b-f62273c20601
SWMS-26740	86fbeb46	https://primeeco.tech/share/86fbeb46-a01f-4ba0-95b3-28e98e5fc7f2
SWMS-26748	d3dbac05	https://primeeco.tech/share/d3dbac05-9d9e-482d-942f-deea774e6d4e
SWMS-26748	818d96b0	https://primeeco.tech/share/818d96b0-d3db-43ec-8bdd-2734f5ea71ad
SWMS-26748	24c3dd46	https://primeeco.tech/share/24c3dd46-0d63-478d-804a-f325cda58257
SWMS-26754	5d4ca4bf	https://primeeco.tech/share/5d4ca4bf-9a5f-4d1c-b369-142ad46fa271
SWMS-26759	ace0a334	https://primeeco.tech/share/ace0a334-09b2-4c69-95fd-122719bff343
SWMS-26759	9861bb69	https://primeeco.tech/share/9861bb69-c556-46cf-9836-b483117db873
SWMS-26759	4c1f8270	https://primeeco.tech/share/4c1f8270-054b-417b-88d8-c844c82dbe07
SWMS-26759	7a831ee5	https://primeeco.tech/share/7a831ee5-b872-40d0-aaa8-c6adc6b9ee0b
SWMS-26803	2dce428f	https://primeeco.tech/share/2dce428f-1330-432a-adbb-a585fb3ca057
SWMS-26810	ff5ac8dd	https://www.primeeco.tech/share/ff5ac8dd-1810-4fd3-889a-8f25e28627e2
SWMS-26848	728fb9be	https://www.primeeco.tech/share/728fb9be-8582-451d-9b0b-09164312bf57
SWMS-26849	8b6f70ac	https://primeeco.tech/share/8b6f70ac-fafe-4d51-8ff3-c1f75c04f6c6
SWMS-26857	afbdaffb	https://primeeco.tech/share/afbdaffb-e29f-4650-b91c-2c8b01a816c8
SWMS-26957	4a758764	https://www.primeeco.tech/share/4a758764-9b14-4e50-b429-e1af0c30d439
